Palavra,dica
aba,Peca de vestuario
abacate,Fruta verde
abacaxi,Fruta tropical
abade,Religioso
abadia,Edificio religioso
abaixo,Posicao inferior
abajur,Objeto de iluminacao
abalar,Agitar
abalo,Abalar
abanar,Mexer
abandonar,Deixar
abarrotar,Encher
abastecer,Fornecer
abate,Matar
abatido,Desanimado
abelha,Inseto
aberto,Exposto
abertura,Fenda
abismo,Profundidade
abobada,Arquitetura
abobora,Legume
abolicao,Fim
abono,Subsidio
abordar,Abordar
aborrecer,Incomodar
abotoar,Fechar
abracar,Abracar
abrandar,Reduzir
abrigar,Proteger
abril,Mes
abrir,Abrir
absoluto,Completo
absorver,Assimilar
abstinencia,Privacao
abstrato,Teorico
absurdo,Ilogico
abundante,Em quantidade
acabado,Finalizado
acabar,Terminar
acai,Fruta
acalmar,Acamar
acao,Ato
aceitar,Concordar
acelerar,Apressar
acender,Ascender
acento,enfase
acertar,Acertar
acessivel,Facil
acidente,Imprevisto
acima,Posicao superior
aclamar,Aplaudir
acolher,Receber
acompanhar,Juntar
aconchego,Conforto
acontecer,Ocorrer
acordar,Despertar
acordo,Combinacao
acreditar,Confiar
acrobata,Artista
actriz,Profissional
acumular,Juntar
acusar,Culpar
adaptar,Ajustar
adeus,Despedida
adiantar,Avancar
adiar,Postergar
adivinhar,Prever
admirar,Respeitar
admitir,Aceitar
adolescente,Jovem
adormecer,Dormir
adotar,Aceitar
adquirir,Obter
adulto,Crescido
adversario,Oponente
advogado,Profissional
aereo,Ar
afagar,Caricia
afastar,Distancia
afeicao,Carinho
afetar,Influenciar
afinidade,Semelhanca
afirmar,Declarar
afligir,Angustiar
afluente,Rio
afogar,Submerso
afronta,Ofensa
agarrar,Segurar
agencia,Representacao
agenda,Programacao
agir,Atuar
agua,Liquido
aguardar,Esperar
agulha,Ponto
ai,Expressao
ajudar,Auxiliar
ajustar,Regular
ala,Lado
alameda,Avenida
alarme,Alerta
alcancar,Chegar
aldeia,Vila
alegre,Content
alegria,Felicidade
aleluia,Canto
alerta,Atencao
alface,Verdura
alfaiate,Profissional
alfandega,Fiscalizacao
alface,Verdura
alforria,Liberdade
algo,Coisa
alguem,Pessoa
algum,Algum
algodao,Tecido
algoritmo,Calculo
alheio,Estranho
ali,La
alicerce,Base
alimentar,Nutrir
alimento,Comida
alivio,Conforto
almofada,Travesseiro
almoco,Refeicao
alojamento,Hospedagem
alongar,Esticar
alpiste,Semente
altar,Religioso
alterar,Mudar
alternativa,Opcao
altitude,Altitude
altivo,Orgulhoso
alto,Elevado
altura,Altura
aluno,Estudante
alusao,Referencia
alvo,Branco
ama,Empregada
amabilidade,Cortesia
amado,Querido
amador,Iniciante
amamentar,Alimentar
amanha,Futuro
amanhecer,Despertar
amar,Querer
amarelo,Cor
amargor,Desgosto
ambiente,Meio
ambicao,Desejo
ambos,Dois
ameacar,Intimidar
amedrontar,Assustar
amenizar,Suavizar
amigo,Companheiro
amizade,Laco
amnesia,Esquecimento
amor,Afeto
amostra,Exemplo
ampliar,Aumentar
ampulheta,Relogio
amuleto,Protecao
analise,Estudo
anao,Pequeno
ancestral,Antepassado
andaime,Plataforma
andar,Caminhar
anedota,Piada
anel,Joia
anexo,Anexado
angulo,Geometria
anjo,Ser
ano,Tempo
anormal,Diferente
ansiedade,Inquietacao
antena,Recepcao
anterior,Previo
antes,Antes
antigo,Velho
antro,Caverna
anual,Ano
anunciar,Divulgar
anzol,Pesca
aorta,Vaso
apagar,Remover
apartamento,Moradia
apartar,Separar
apaixonar,Enamorar
aparelho,Dispositivo
aparente,Visivel
aparencia,Aspecto
apartheid,Segregacao
apaziguar,Acabar
apedrejar,Jogar
apegar,Afixar
apelido,Alcunha
apenas,Somente
apertar,Comprimir
apetite,Desejo
apimentar,Temperar
aplainar,Nivelar
aplanar,Nivelar
aplicar,Usar
apogeu,apice
apoiar,Sustentar
apontar,Indicar
aposentar,Reformar
apossar,Tomar
aprender,Estudar
apresentar,Mostrar
aprovar,Aceitar
aprumo,Retidao
aptidao,Habilidade
apurar,Verificar
aquario,Recipiente
aquecer,Esquentar
aquele,Aquele
aquem,Abaixo
aquisicao,Compra
arabe,Povo
arado,Instrumento
aranha,Inseto
arar,Preparar
arbitrar,Decidir
arbitro,Juiz
arvore,Planta
arcada,Estrutura
arcanjo,Anjo
archote,Tocha
arco,Curva
arder,Queimar
ardil,Artimanha
ardor,Calor
area,Espaco
areia,Grao
arenito,Rocha
aresta,Borda
argila,Barro
argola,Anel
argumento,Razao
aria,Musica
aridez,Seca
arido,Seco
arrepender,Lamentar
arroz,Alimento
arte,Expressao
artigo,Texto
asa,Parte
ascender,Subir
ascensao,Subida
asfalto,Pavimento
asno,Animal
asma,Doenca
aspirar,Almejar
assado,Cozido
assar,Cozinhar
assassino,Criminoso
assaz,Bastante
assentar,Colocar
assentir,Concordar
assessor,Auxiliar
assim,Desse
assinar,Rubricar
assistir,Ver
assobio,Som
assumir,Aceitar
astucia,Esperteza
atacar,Investir
atalho,Caminho
ataque,Ofensiva
atar,Amarar
atear,Incendiar
atemorizar,Assustar
atencao,Cuidado
aterrissar,Pousar
atestado,Declaracao
atingir,Alcancar
atitude,Comportamento
ativo,Atuante
ato,Acao
ator,Artista
atracao,Encanto
atras,Tras
atrativo,Interessante
audacia,Coragem
audicao,Prova
auditor,Revisor
auge,Topo
aula,Ensino
aurora,Amanhecer
ausente,Faltante
auspicio,Pressagio
austero,Severo
autor,Escritor
autoria,Criacao
autuar,Multar
auxiliar,Ajudar
avaliacao,Analise
avancar,Prosseguir
avarento,Avarento
ave,Animal
avental,Vestuario
aventura,Experiencia
avesso,Contrario
aviao,Transporte
avidez,Ansiedade
aviltar,Reabaixar
avisar,Alertar
avistar,Ver
avo,Familiar
axial,Centro
axioma,Verdade
azul,Cor
baba,Secrecao
babel,Confusao
bacia,Recipiente
bacilo,Bacteria
badalar,Som
bagagem,Equipamento
baia,Geografia
bailado,Danca
baioneta,Arma
bairro,Zona
baixa,Queda
baixar,Descer
baixo,Pequeno
bala,Projetil
balancar,Oscilar
balao,Objeto
balcao,Estrutura
balde,Recipiente
bale,Danca
baleia,Animal
balsamo,Alivio
bambu,Planta
banana,Fruta
banca,Mesa
banda,Grupo
bandeira,Simbolo
banco,Assento
banhar,Mergulhar
banheiro,Cômodo
banho,Limpeza
banzo,Saudade
barato,Econômico
barba,Pelo
barco,Embarcacao
barriga,Abdômen
barro,Argila
base,Fundamento
bastante,Suficiente
batata,Legume
bater,Golpear
batismo,Ritual
batom,Cosmetico
bencao,Bencao
beber,Ingerir
beijo,Caricia
belo,Bonito
bem,Estar
bencao,Graca
berco,Movel
besouro,Inseto
bexiga,orgao
biblia,Livro
bicho,Animal
bicicleta,Veiculo
bife,Alimento
bigorna,Ferramenta
bilhete,Nota
biografia,Historia
biscoito,Alimento
bispo,Religioso
bloco,Grupo
boca,orgao
bode,Animal
boi,Animal
bola,Objeto
bolo,Alimento
bolsa,Recipiente
bom,Bom
bondade,Qualidade
bone,Vestuario
bonito,Atraente
borboleta,Inseto
borda,Extremidade
borracha,Material
bosque,Floresta
bota,Calcado
braco,Membro
branco,Cor
brasa,Quente
brasao,Simbolo
bravo,Corajoso
breve,Curto
briga,Conflito
brilho,Luz
brincar,Divertir
brinquedo,Objeto
brisa,Vento
broca,Ferramenta
broche,Joia
bronze,Metal
bruto,Cru
bruxa,Personagem
bussola,Orientacao
cabaca,Fruto
cabana,Moradia
cabelo,Pelo
cabeca,orgao
cabide,Objeto
cabo,Extremidade
cabra,Animal
caca,Atividade
cacar,Perseguir
cachecol,Vestuario
cachorro,Animal
cadeira,Movel
cadeado,Fechadura
caderno,Material
cafe,Bebida
caixa,Recipiente
cajado,Vara
calca,Vestuario
calcado,Calcado
calcular,Computar
caldeira,Recipiente
caldo,Liquido
calma,Tranquilidade
calor,Temperatura
cama,Movel
camada,Camada
caminhar,Andar
camisa,Vestuario
campo,area
cana,Planta
canal,Passagem
cancao,Musica
candidato,Aspirante
caneta,Instrumento
canga,Peca
canhao,Arma
cano,Tubo
cansado,Fadigado
cantar,Emitir
cantiga,Musica
canto,angulo
capaz,Habil
capela,Templo
capital,Cidade
capitao,Lider
capricho,Desejo
capturar,Pegar
cara,Rosto
caracol,Animal
caracter,Personalidade
caramelo,Doce
caranguejo,Animal
carbono,Elemento
cardeal,Religioso
careca,Sem
carga,Peso
caridade,Bondade
carne,Alimento
caro,Caro
carro,Veiculo
carta,Documento
carteira,Objeto
casa,Moradia
casal,Par
casca,Parte
casco,Parte
caso,Situacao
castelo,Edificio
castigo,Punicao
casto,Puro
catar,Colher
cativeiro,Prisao
causa,Motivo
cavalheiro,Homem
cavalo,Animal
cavar,Escavar
caveca,Cabeca
ceu,Espaco
cebola,Legume
ceder,Entregar
cego,Cego
cegonha,Ave
celular,Aparelho
cena,Evento
censo,Recenseamento
centro,Meio
cerca,Limite
cercar,Rodear
cerimônia,Ritual
cerne,Essencia
certo,Correto
cerveja,Bebida
cessar,Parar
cesto,Recipiente
cetro,Simbolo
ceu,Atmosfera
cha,Bebida
chaleira,Recipiente
chama,Fogo
chamine,Estrutura
chance,Oportunidade
chao,Piso
chapeu,Vestuario
chave,Instrumento
chefe,Lider
chegada,Chegada
chegar,Alcancar
cheiro,Odor
cheio,Cheio
chicote,Instrumento
chocolate,Doce
chover,Precipitar
chuva,Precipitacao
chao,Solo
cicatriz,Marca
cidade,Urbano
ciencia,Conhecimento
cigarro,Produto
cimento,Material
cimo,Topo
cinca,Parte
cinco,Numero
cinema,Arte
cingir,Cercar
cinza,Cor
circulo,Forma
cirurgia,Operacao
citacao,Mencao
cidade,Local
claro,Luminoso
classe,Grupo
clima,Tempo
clinica,Estabelecimento
clone,Copia
clube,Associacao
coador,Utensilio
coagulo,Massa
cobertor,Manta
cobra,Animal
cobrir,Tapar
cocô,Excremento
codigo,Sistema
coelho,Animal
coentro,Planta
coeso,Unido
cofre,Recipiente
cogumelo,Fungo
coice,Golpe
coisa,Objeto
coitado,Pobre
cola,Adesivo
colar,Joia
colcha,Cobertura
colegio,Escola
colher,Utensilio
colina,Morro
colocar,Posicionar
colorido,Colorido
coluna,Estrutura
comba,Luta
combinar,Combinar
comedia,Genero
comer,Alimentar
cometa,Corpo
comicio,Reuniao
comida,Alimento
como,Modo
comover,Emocionar
compaixao,Sentimento
companhia,Empresa
compartilhar,Dividir
compasso,Instrumento
competir,Disputar
completo,Integral
compor,Formar
comprar,Adquirir
compreender,Entender
compromisso,Promessa
comum,Frequente
comunidade,Grupo
conceito,Ideia
concerto,Apresentacao
concluir,Finalizar
concreto,Real
condicao,Requisito
conduta,Comportamento
cone,Forma
conectar,Ligar
conferir,Verificar
confiar,Confiar
confins,Limite
conflito,Confronto
conforto,Bem-estar
congelar,Solidificar
conhecimento,Saber
conquistar,Vencer
consciencia,Percepcao
conselho,Aconselhamento
conservar,Manter
considerar,Pensar
consistir,Consistir
constante,Continuo
construir,Edificar
contagem,Contagem
contato,Toque
contar,Narrar
conteudo,Material
continente,Terra
contorno,Linha
contra,Oposicao
controle,Dominio
conversar,Dialogar
convexo,Curvo
convite,Chamado
cooperar,Ajudar
copia,Reproducao
cor,Colorido
coracao,orgao
coragem,Coragem
corajoso,Valente
corante,Substancia
corar,Corar
corcunda,Deformidade
cordao,Fio
cordas,Instrumento
coreto,Palco
coroa,Adorno
corpo,Corpo
correcao,Retificacao
corredor,Passagem
correr,Mover
corrente,Fluxo
cortar,Dividir
corte,Separacao
cortes,Educado
cortina,Pano
coruja,Ave
cosa,Coisa
coser,Costurar
cosmos,Universo
costa,Litoral
costas,Parte
costela,Osso
costurar,Unir
cotidiano,Diario
couro,Material
couve,Verdura
covarde,Medroso
coxa,Parte
coxo,Manco
cozer,Cozinhar
cranio,Osso
crase,Fusao
crasso,Grosseiro
cratera,Depressao
cravos,Flor
creche,Estabelecimento
credito,Confianca
crenca,Crenca
crepe,Alimento
crescer,Aumentar
criado,Servo
crianca,Jovem
criar,Produzir
crime,Delito
crise,Situacao
criterio,Padrao
critico,Avaliador
crivo,Peneira
cromo,Elemento
cronologia,Ordem
crosta,Camada
cru,Cru
cruel,Desumano
cruzar,Atravessar
cubo,Forma
cuidado,Atencao
cujo,Relativo
culpa,Responsabilidade
cultivar,Plantar
cultura,Conhecimento
cumprimento,Saudacao
cunhado,Familiar
cunho,Caracteristica
cupim,Inseto
cura,Tratamento
curar,Sanar
curioso,Interessado
curso,Trajetoria
curto,Pequeno
curvar,Dobrar
cuspe,Saliva
custa,Preco
custar,Valer
customizar,Personalizar
cutaneo,Pele
dado,Informacao
danca,Arte
danificar,Estragar
daninho,Nocivo
dar,Conceder
dardo,Objeto
data,Data
de,Preposicao
debaixo,Abaixo
debater,Discutir
debelar,Vencer
debilitar,Enfraquecer
debito,Obrigacao
deboche,Zombaria
decadencia,Declinio
decalque,Copia
decencia,Dignidade
decepcao,Desapontamento
decidir,Resolver
decimal,Fracao
decifrar,Interpretar
decisao,Resolucao
declarar,Afirmar
declinar,Recusar
decompor,Separar
decorar,Ornamentar
decorrer,Transcorrer
decote,Recorte
decreto,Ordem
dedicacao,Devocao
dedo,Membro
deduzir,Inferir
defeito,Imperfeicao
defender,Proteger
deferir,Conceder
definir,Especificar
definitivo,Final
deflagrar,Provocar
defletir,Desviar
deformar,Alterar
defrontar,Enfrentar
defunto,Falecido
degolar,Cortar
degradar,Reabaixar
degustar,Provar
deidade,Divindade
deitado,Recostado
deixar,Permitir
dejeto,Residuo
delegar,Atribuir
deletar,Excluir
deleter,Nocivo
deli,Estabelecimento
deliberar,Decidir
delicado,Sensivel
delimitar,Definir
delinquir,Infringir
delirar,Desvariar
delonga,Demorar
delta,Forma
demais,Excesso
demanda,Procura
demarcar,Limitar
demente,Louco
demitir,Dispensar
demo,Povo
democracia,Governo
demolir,Destruir
demonstracao,Prova
demora,Atraso
demover,Dissuadir
denegrir,Manchar
denso,Espesso
dente,orgao
dentro,Interior
denuncia,Acusacao
deparar,Encontrar
depender,Precisar
depilar,Remover
deplorar,Lamentar
depor,Testemunhar
deportar,Expulsar
deposito,Armazenamento
depressao,Relevo
deprimir,Afligir
depurar,Refinar
deriva,Deriva
derivar,Originar
dermatite,Doenca
derradeiro,ultimo
derramar,Entornar
derreter,Fundir
derrota,Fracasso
derrubar,Deitar
desabar,Desmoronar
desafio,Desafio
desagradar,Descontentar
desalento,Desanimo
desanimar,Desencorajar
desaparecer,Sumir
desarrumar,Baguncar
desastre,Calamidade
desatar,Soltar
desavenca,Desentendimento
descansar,Repousar
descartar,Descartar
descendente,Posteridade
descer,Descer
descrever,Narrar
descricao,Descricao
descuidar,Negligenciar
desculpa,Justificativa
desde,Desde
desejar,Querer
desenhar,Desenhar
desenho,Desenho
desentupir,Limpar
desejo,Anseio
deserto,arido
desfalecer,Desmaiar
desfile,Apresentacao
desfrutar,Aproveitar
desgastar,Consumir
desgraca,Infelicidade
desigual,Diferente
desistir,Abandonar
desleal,Infiel
desligar,Desconectar
deslizar,Escorregar
deslumbrar,Maravilhar
desmaiar,Perder
desmentir,Negar
desmontar,Desfazer
desnudo,Nu
desobedecer,Desrespeitar
desocupar,Esvaziar
desolado,Triste
desonesto,Corrupto
desopilar,Descontrair
desordem,Confusao
despachar,Enviar
despedida,Despedida
despertar,Acordar
despido,Nu
despir,Remover
despistar,Enganar
despojo,Saque
desporto,Esporte
desprezar,Rejeitar
desprezo,Desdem
desse,Desse
destacar,Realcar
destaque,Evidencia
destemido,Corajoso
destilar,Extrair
destino,Sorte
destruir,Arruinar
desvantagem,Desvantagem
desviar,Desviar
desvirtuar,Deturpar
detalhe,Pormenor
detectar,Descobrir
deter,Impedir
detestar,Odiar
detonar,Explodir
detras,Atras
deus,Divindade
deuteronômio,Livro
devagar,Lento
devastar,Arrasar
dever,Obrigacao
devido,Justo
devir,Tornar
devolver,Restituir
devorar,Consumir
devoto,Religioso
dez,Numero
dezena,Quantidade
diabetes,Doenca
diabo,Entidade
diacono,Religioso
diadema,Coroa
diagnostico,Avaliacao
dialeto,Lingua
dialogo,Conversa
diamante,Mineral
diante,Antes
diapositivo,Imagem
diario,Jornal
dica,Sugestao
diesel,Combustivel
difamar,Caluniar
diferente,Distinto
dificuldade,Obstaculo
difundir,Divulgar
difusor,Dispositivo
digestao,Processo
digital,Numerico
digno,Merecedor
dilatar,Expandir
dilema,Problema
diligente,Ativo
diluir,Misturar
dimensao,Medida
diminuir,Reduzir
dinamico,Ativo
dinastia,Familia
dinheiro,Moeda
diametro,Medida
dique,Barreira
direcao,Rumo
direito,Justo
diretor,Chefe
dirigir,Conduzir
discernir,Distinguir
disciplina,Ordem
disco,Objeto
discordar,Diferir
discrepante,Divergente
discreto,Reservado
discriminar,Distinguir
discurso,Fala
discutir,Debater
disfarce,Fantasia
disforme,Deformado
dispor,Organizar
dispositivo,Mecanismo
disputa,Competicao
dissertar,Argumentar
dissimular,Ocultar
dissonante,Desarmônico
dissuadir,Desaconselhar
distancia,Espaco
distante,Longe
distinguir,Reconhecer
distinto,Diferente
distorcer,Deformar
distrair,Divertir
distribuir,Repartir
distrito,Regiao
ditado,Regra
ditadura,Governo
ditar,Ordenar
dito,Declarado
diurno,Dia
diversao,Entretenimento
diverso,Vario
divertir,Distrair
dividir,Separar
divindade,Deus
divisao,Parte
divulgar,Publicar
dizer,Expressar
dobra,Pregar
doce,Acucar
documento,Registro
doenca,Mal
doer,Causar
dogma,Crenca
doido,Louco
dom,Presente
domar,Amansar
domesticar,Amansar
domicilio,Residencia
dominante,Controlador
dominar,Controlar
domingo,Dia
donativo,Contribuicao
donde,Onde
dor,Desconforto
dormir,Repousar
dorso,Costas
dosagem,Quantidade
dotar,Fornecer
dourado,Cor
doutor,Medico
doutrina,Ensino
doze,Numero
drama,Genero
drenar,Escoar
droga,Substancia
duas,Quantidade
dublar,Substituir
ducha,Chuveiro
duelo,Combate
duende,Criatura
dueto,Musica
duvida,Incerteza
duplo,Duplo
duque,Nobre
durabilidade,Resistencia
durante,Enquanto
durar,Continuar
duro,Rigido
duvidoso,Incerto
e,Conjuncao
ebano,Madeira
eco,Som
eclipse,Evento
economia,Financas
edificio,Construcao
editar,Modificar
edicao,Versao
educacao,Ensino
efeito,Resultado
efetivo,Real
efemero,Passageiro
eficaz,Eficiente
efusivo,Expressivo
egresso,Formado
ei,Interjeicao
eira,area
eixo,Linha
ela,Pronome
ele,Pronome
elefante,Animal
elegante,Estiloso
elegancia,Graca
eleger,Escolher
elemento,Componente
elenco,Conjunto
elevado,Alto
elevar,Levantar
elmo,Capacete
elo,Ligacao
elogiar,Elogiar
elucidar,Esclarecer
emanar,Emitir
emaranhado,Embrulhado
embaixo,Abaixo
embalar,Embalar
embaraco,Vergonha
embarcar,Entrar
embate,Choque
embebedar,Alcoolizar
embelezar,Enfeitar
emblema,Simbolo
embora,Partida
embriao,Fase
embutido,Inserido
emenda,Correcao
emergir,Surgir
emigrar,Mudar
eminente,Importante
emissao,Liberacao
emitir,Emitir
emocao,Sentimento
empada,Alimento
empate,Igualdade
empedrar,Calcar
empenho,Dedicacao
emperrar,Travado
empilhar,Amontoar
empobrecer,Empobrecer
empolgar,Entusiasmar
empresa,Organizacao
empurrar,Impulsionar
emulacao,Imitacao
enamorar,Paquerar
encadear,Sequenciar
encaminhar,Direcionar
encantar,Encantar
encanto,Charme
encarar,Enfrentar
encardido,Sujo
encarecer,Valorizar
encarnar,Incorporar
encenar,Representar
encerrar,Finalizar
encher,Preencher
enclausurar,Confinar
encontrar,Achar
encorajar,Incentivar
encosta,Inclinacao
encosto,Apoio
encruzilhada,Cruzamento
endereco,Local
endireitar,Alinhar
endossar,Aprovar
endurecer,Fortalecer
enema,Procedimento
energia,Forca
enervar,Irritar
enfeitar,Decorar
enfermaria,Setor
enfermo,Doente
enfiar,Inserir
enfileirar,Alinhar
enfoque,Abordagem
enfrentar,Encarar
engajar,Comprometer
enganacao,Fraude
engenho,Dispositivo
engolir,Engolir
engomar,Passar
engorda,Ganho
engraxate,Profissional
engrenagem,Mecanismo
engrossar,Espessar
enigma,Misterio
enjoar,Nausea
enlacar,Amarrar
enlace,Casamento
enlevo,Encanto
enobrecer,Honrar
enorme,Grande
enquadrar,Encaixar
enquanto,Enquanto
enredar,Embrulhar
enredo,Historia
enriquecer,Enriquecer
enroscar,Torcer
ensaboar,Lavar
ensacar,Embalar
ensaio,Teste
ensinar,Instruir
ensino,Educacao
ensopar,Molhar
entanto,Contudo
entardecer,Anoitecer
ente,Ser
entender,Compreender
enterro,Cerimônia
entidade,Organizacao
entorno,Vizinhanca
entrada,Acesso
entranhas,Interior
entre,Meio
entregar,Fornecer
entrelacar,Entrelacar
entretanto,Contudo
entrevista,Conversa
entristecer,Triste
entulho,Entulho
entupir,Obstruir
enumerar,Listar
envaidecer,Orgulhar
envelhecer,Idade
envenenar,Intoxicar
envergar,Curvar
envergadura,Amplitude
enviar,Enviar
envidar,Empenhar
enviesado,Torto
envolver,Participar
enxada,Ferramenta
enxame,Grupo
enxergar,Ver
enxerto,Transplante
enxofre,Elemento
enxugar,Secar
enxurrada,Inundacao
era,Periodo
erario,Publico
eremita,Solitario
erguer,Levantar
erigir,Construir
errado,Incorreto
errante,Vagante
errata,Correcao
erro,Equivoco
erva,Planta
ervilha,Legume
esbanjar,Desperdicar
esbelto,Elegante
esboco,Rascunho
escada,Escada
escala,Proporcao
escama,Parte
escapar,Fugir
escasso,Insuficiente
escatologico,Obsceno
escavar,Cavar
escandalo,Polemica
escanteio,Canto
escapar,Fugir
escassez,Falta
esclarecer,Explicar
escola,Instituicao
escolher,Selecionar
escolta,Protecao
esconder,Ocultar
escorar,Apoiar
escorregar,Deslizar
escorrer,Gotejar
escova,Instrumento
escravo,Cativo
escrever,Redigir
escrita,Texto
escritor,Autor
escritorio,Local
escudo,Protecao
escuro,Escuro
escuta,Ouvir
esdruxulo,Estranho
esfera,Forma geometrica
esfinge,Criatura mitologica
esforco,Empenho
esfregar,Esfregar
esfumar,Desvanecer
esganar,Strangular
esgar,Expressao
esguicho,Jato
esmagar,Esmagar
esmeralda,Gema
esmero,Cuidado
esmola,Doacao
esmorecer,Desanimar
esnobe,Arrogante
espada,Arma
espalhar,Divulgar
espanto,Surpresa
esparso,Espalhado
espartilho,Vestuario
espasmo,Contracao
especial,Particular
especie,Tipo
espectador,Observador
espedacar,Despedacar
espera,Expectativa
esperanca,Expectativa
esperar,Aguardar
esperto,Inteligente
espesso,Denso
espetar,Finchar
espetaculo,Show
espiar,Observar
espiga,Parte
espigao,Ponto
espinha,Parte
espinhal,Coluna
espiral,Forma
espirituoso,Engracado
esplanada,area
esplendor,Brillho
espojar,Revolver
esponja,Material
espora,Estimulo
esportivo,Ativo
esposa,Cônjuge
espraiado,Estendido
espreitar,Observar
espremer,Comprimir
espumar,Formar
esquadro,Instrumento
esquecer,Esquecer
esquema,Plano
esquerdo,Lado
esqui,Esporte
esquimo,Povo
esquina,Canto
esquivar,Evitar
estabulo,Alojamento
estaca,Poste
estacao,Periodo
estacionar,Parar
estada,Permanencia
estadio,Local
estado,Condicao
estalar,Ruptura
estame,Parte
estampa,Imagem
estancar,Parar
estande,Barraca
estandarte,Bandeira
estar,Existir
estatua,Escultura
estatuto,Regra
estavel,Firme
este,Direcao
estear,Apoiar
estender,Alargar
esterco,Fertilizante
esteril,Infertil
esteriotipo,Padrao
estetica,Beleza
estilo,Modo
estimular,Incentivar
estirao,Trecho
estirar,Estender
estiva,Carga
estocado,Armazenado
estofado,Movel
estoiro,Explosao
estopa,Tecido
estorvo,Obstaculo
estouro,Rompimento
estrada,Via
estragar,Danificar
estranho,Desconhecido
estratagema,Plano
estrear,Iniciar
estreita,Estreita
estreitar,Aproximar
estrela,Corpo
estremecer,Tremer
estrepito,Barulho
estria,Linha
estribo,Apoio
estrito,Rigoroso
estrofe,Parte
estrutura,Organizacao
estudar,Aprender
estudio,Local
estudo,Analise
estufa,Ambiente
estupefato,Atônito
estupendo,Maravilhoso
estupido,Tolo
estuprar,Violar
estuque,Material
esvair,Desaparecer
esverdeado,Esverdeado
esvoacar,Voar
etapa,Fase
eterno,Perpetuo
etica,Moral
etnia,Grupo
etereo,Leve
eu,Pronome
euforico,Alegre
eunuco,Castrado
evacuar,Sair
evadir,Fugir
evangelho,Religiao
evaporar,Sumir
evasivo,Indireto
evento,Ocorrencia
evidente,Claro
evitar,Prevenir
evocar,Recordar
evoluir,Desenvolver
exagerar,Exceder
exalar,Emitir
exaltar,Enaltecer
exame,Avaliacao
exato,Preciso
exaurir,Esgotar
exausto,Cansado
exceder,Ultrapassar
excelente,otimo
excentrico,Estranho
excecao,Exclusao
excesso,Exagero
excitar,Estimular
exclamar,Expressar
excluir,Eliminar
exclusivo,unico
excomungar,Expulsar
excursao,Viagem
excussao,Discussao
exemplo,Modelo
exercito,Forca
exercitar,Praticar
exibir,Mostrar
exigir,Requerer
exilio,Expulsao
existir,Existir
exito,Sucesso
exonerar,Dispensar
expandir,Ampliar
expansao,Ampliacao
expectativa,Esperanca
expedir,Enviar
expedicao,Viagem
expelir,Expulsar
experiente,Experiente
experimento,Teste
expert,Especialista
expiar,Pagar
expirar,Morrer
explanar,Explicar
explendor,Brillho
explicar,Esclarecer
explodir,Estourar
explorar,Investigar
explosao,Estouro
exportar,Enviar
expor,Mostrar
expressar,Manifestar
exprimir,Expressar
expulsar,Remover
expurgar,Purificar
exsudar,Transpirar
extasiar,Encantar
extensao,Comprimento
extenso,Amplo
exterior,Externo
exterminar,Destruir
externo,Externo
extinto,Desaparecido
extirpar,Remover
extra,Adicional
extrair,Retirar
extraordinario,Especial
extravasar,Transbordar
extravio,Perda
extremidade,Ponta
extremo,Final
exuberante,Alegre
exumar,Desenterrar
fabrica,Estabelecimento
fabricar,Produzir
fabula,Historia
face,Rosto
fachada,Frontal
facho,Feixe
facial,Rosto
facil,Simples
faceta,Aspecto
fachola,Palhaco
facilidade,Facilidade
facilitar,Simplificar
facinora,Criminoso
facao,Faca
fator,Elemento
factivel,Possivel
fada,Ser
fadiga,Cansaco
fado,Destino
faisca,Centelha
faixa,Faixa
fala,Discurso
falange,Grupo
falar,Dizer
falcatrua,Fraude
falecer,Morrer
falha,Defeito
falhar,Fracassar
falsificar,Forjar
falta,Ausencia
faltar,Carecer
fama,Reputacao
familiar,Conhecido
famoso,Conhecido
fanatico,Radical
fanfarra,Banda
fanfarrao,Arrogante
fantasia,Imaginacao
fantasma,Aparicao
fantastico,Incrivel
fardo,Carga
farelo,Parte
farinha,Po
farmaceutico,Profissional
faro,Olfato
farol,Sinal
farpado,Pontudo
farpa,Parte
farras,Festa
farsa,Engano
fartura,Abundancia
fascinar,Encantar
fascinio,Encanto
fase,Etapa
fastio,Enjoo
fatal,Mortal
fatia,Pedaco
fato,Fato
fator,Elemento
fatura,Conta
fauna,Animais
fava,Legume
favor,Beneficio
favorito,Preferido
faxina,Limpeza
fazenda,Propriedade
fazer,Realizar
febre,Temperatura
febril,Agitado
fecal,Excremento
fechadura,Tranca
fechar,Encerrar
fecho,Fecho
feder,Cheirar
fedorento,Fedido
feerico,Magico
feicao,Caracteristica
feijao,Grao
feio,Desagradavel
feira,Mercado
feitico,Magia
feitoria,Estabelecimento
feixe,Pacote
fel,Secrecao
felicidade,Alegria
felino,Animal
feliz,Content
felpudo,Macio
feltro,Tecido
femea,Femea
feminino,Feminino
fender,Rachar
fendido,Partido
fenecer,Morrer
fenômeno,Evento
fera,Animal
feriado,Dia
ferimento,Lesao
ferir,Machucar
fermentar,Levedar
feroz,Selvagem
ferradura,Objeto
ferragem,Metal
ferramenta,Instrumento
ferro,Metal
ferrolho,Tranca
ferver,Esquentar
fervor,Paixao
festa,Comemoracao
festividade,Celebracao
fetido,Fedido
feudal,Historico
fiapo,Fio
fiar,Confiar
fiasco,Fracasso
fibra,Material
fibrose,Doenca
ficha,Registro
ficticio,Irreal
fidalgo,Nobre
fieira,Molde
figa,Simbolo
figado,orgao
figo,Fruta
figura,Imagem
figurante,Ator
figurino,Vestuario
fila,Sequencia
filamento,Fio
filantropo,Benfeitor
filha,Filha
filho,Filho
filhote,Jovem
filme,Pelicula
filosofia,Pensamento
filtro,Peneira
fim,Final
fina,Elegante
financa,Dinheiro
finar,Morrer
fincar,Enterrar
findar,Terminar
fineza,Delicadeza
fingir,Simular
finito,Limitado
fino,Delgado
finta,Engano
fiorde,Geografia
firma,Empresa
firmamento,Ceu
firme,Forte
fiscal,Inspetor
fisco,Governo
fisgar,Pegar
fisica,Ciencia
fissura,Rachadura
fita,Fita
fivela,Fecho
fixar,Prender
fixo,Estavel
flacido,Mole
flamejar,Queimar
flanco,Lado
flauta,Instrumento
flecha,Arma
flechar,Atirar
flexivel,Moldavel
flor,Planta
floresta,Mata
florir,Florescer
flutuar,Boiar
fluxo,Corrente
foca,Animal
focal,Ponto
focinho,Nariz
foco,Centro
fofoca,Conversa
fogo,Calor
fogao,Eletrodomestico
fogueira,Fogo
foice,Ferramenta
folha,Parte
folhear,Passar
folia,Diversao
fome,Fome
fomentar,Incentivar
fonacao,Fala
fonte,Origem
fora,Exterior
foragem,Perfuracao
forca,Energia
forcar,Obrigar
forense,Legal
forjar,Criar
forma,Forma
formacao,Criacao
formar,Criar
formato,Forma
formidavel,Excelente
formiga,Inseto
formoso,Bonito
formular,Expressar
fornecer,Fornecer
forno,Equipamento
foro,Tribunal
forquilha,Ferramenta
forte,Poderoso
fortaleza,Construcao
fortuna,Sorte
fossil,Antigo
fossa,Buraco
fosso,Vala
foto,Imagem
fotografia,Imagem
fracassar,Falhar
fraco,Debil
fracao,Parte
fragata,Navio
fragrancia,Aroma
fralda,Vestuario
framboesa,Fruta
franco,Aberto
frango,Animal
franja,Parte
franzir,Dobrar
fraque,Fraqueza
frase,Expressao
fraternidade,Irmandade
fraude,Engano
freada,Parada
frear,Parar
frege,Peixe
freio,Controle
frente,Dianteiro
frequente,Constante
fresco,Refrescante
fresta,Abertura
fria,Fria
frieza,Frieza
frigorifico,Local
frincha,Rachadura
friso,Decoracao
fritar,Cozinhar
frivolidade,Superficialidade
fronha,Capa
fronteira,Limite
frontao,Arquitetura
frota,Conjunto
frouxo,Folgado
frugal,Simples
fruta,Alimento
fruto,Resultado
fugaz,Passageiro
fugir,Escapar
fulano,Pessoa
fulgor,Brillho
fuligem,Residuo
fumaca,Vapor
fumante,Pessoa
fumar,Inalar
fumo,Produto
funcao,Papel
fundacao,Base
fundar,Criar
fundir,Derreter
fundicao,Processo
funeral,Cerimônia
fungo,Organismo
funil,Objeto
funk,Musica
furar,Perfurar
furia,Raiva
furioso,Irado
furna,Caverna
furo,Buraco
furta-cor,Iridescente
furtar,Roubar
fusao,Uniao
fuso,Eixo
futebol,Esporte
futil,Superficial
futuro,Porvir
gabar,Elogiar
gabinete,Escritorio
gado,Animal
gaiola,Estrutura
gaita,Instrumento
gaivota,Ave
gala,Festa
galante,Cortes
galao,Medida
galaxia,Espaco
galeria,Local
galgar,Subir
galho,Ramo
galinha,Ave
galo,Animal
gana,Desejo
ganancia,Avareza
ganhar,Conquistar
ganho,Lucro
ganso,Ave
garagem,Local
garantir,Assegurar
garca,Ave
garfo,Utensilio
garganta,orgao
gargarejo,Som
garimpo,Extracao
garoa,Chuva
garra,Unha
garrafa,Recipiente
garrancho,Letra
garrar,Agarar
garrido,Colorido
garrote,Instrumento
gas,Substancia
gastar,Usar
gasto,Despesa
gata,Animal
gatar,Raspar
gato,Animal
gaveta,Movel
gaze,Tecido
gazeta,Jornal
geada,Frio
geiser,Fonte
gela,Congela
geleia,Alimento
gema,Parte
gemer,Som
gene,Heranca
general,Militar
gerar,Produzir
gerencia,Administracao
gerir,Administrar
germe,Origem
gesso,Material
gesto,Movimento
gestao,Administracao
gigante,Grande
ginasio,Local
ginastica,Exercicio
gincana,Competicao
gingado,Balanco
gira,Gira
girassol,Planta
giria,Linguagem
girino,Animal
global,Mundial
globo,Esfera
gloria,Honra
goela,Garganta
goiar,Engolir
gola,Vestuario
gole,Bebida
golfinho,Animal
golpe,Ataque
goma,Substancia
gomo,Parte
gongo,Instrumento
gonzo,Pivô
gordura,Substancia
gorjeta,Gratificacao
gorro,Vestuario
gospel,Musica
gostar,Gostar
gosto,Sabor
gota,Pingo
goticula,Pequena
governar,Dirigir
gozo,Prazer
graca,Charme
grade,Estrutura
gradiente,Variacao
gradual,Progressivo
grafar,Escrever
grafico,Visual
gralha,Ave
grama,Planta
gramado,area
grampo,Objeto
grana,Dinheiro
grande,Amplo
granel,Solta
granito,Rocha
grao,Semente
grasnar,Som
gratidao,Agradecimento
grato,Agradecido
gratis,Livre
grau,Nivel
gravata,Vestuario
gravar,Registrar
gravidade,Forca
gravida,Gravida
graxa,Substancia
grego,Povo
grelha,Grade
greve,Paralisacao
grifo,enfase
grilar,Trancar
grilo,Inseto
grima,Cara
gringo,Estrangeiro
gripado,Doente
gritar,Falar
grito,Som
grosso,Espesso
grua,Maquina
grudar,Colar
grunhir,Som
grupo,Conjunto
gruta,Caverna
guache,Tinta
guarani,Moeda
guarda,Protecao
guardar,Manter
guarida,Protecao
guarita,Estrutura
guarnecer,Equipar
guerra,Conflito
guia,Orientacao
guidao,Peca
guinada,Mudanca
guisar,Cozinhar
gula,Excesso
gume,Fio
guri,Rapaz
guru,Lider
habitacao,Moradia
habito,Costume
habitual,Comum
habituar,Acostumar
hacker,Especialista
halo,Circulo
harmonia,Equilibrio
haste,Haste
haver,Existir
hectare,Medida
heliporto,Local
heranca,Legado
herdar,Receber
herege,Dissidente
heroi,Personagem
herva,Planta
hesitar,Duvidar
hiato,Intervalo
hidrante,Equipamento
hidratar,Umidecer
hiena,Animal
hifen,Sinal
higiene,Limpeza
hilo,Fio
himen,Membrana
hino,Musica
hipico,Esporte
hipnose,Estado
hipocrisia,Falsidade
hirto,Rigido
historia,Narrativa
hoje,Dia
holofote,Luz
homem,Pessoa
honesto,Correto
honra,Respeito
hora,Tempo
horizonte,Limite
hormônio,Substancia
horrivel,Terrivel
horta,Plantacao
hospedar,Alojar
hospital,Estabelecimento
hostil,Agressivo
hotel,Estabelecimento
hulha,Mineral
humano,Pessoa
humidade,Umidade
humilde,Modesto
humor,Estado
iate,Embarcacao
ideia,Conceito
igneo,Quente
ignorar,Desconhecer
igreja,Templo
igual,Semelhante
ileso,Sao
ilha,Terra
ilheu,Morador
ilogico,Irracional
iludir,Enganar
iluminar,Clarear
ilusao,Engano
ilustrar,Exemplificar
imagem,Representacao
imantar,Atrair
imbuido,Inspirado
imenso,Grande
imergir,Submergir
imigrante,Estrangeiro
ima,Objeto
imitar,Copiar
imolar,Sacrificar
imoral,Antietico
imovel,Propriedade
impacto,Choque
impedir,Impedir
imperador,Lider
imperar,Dominar
imperfeito,Defeituoso
impessoal,Neutro
impiedoso,Cruel
implacavel,Inflexivel
implantar,Estabelecer
implicar,Envolver
implorar,Suplicar
impor,Estabelecer
importar,Interessar
importe,Valor
impossivel,Invalido
imposto,Tributo
imprensa,Midia
impressionar,Marcar
imprimir,Produzir
improvisar,Criar
impulso,Forca
impune,Livre
impuro,Sujo
imputar,Atribuir
imune,Protegido
inalar,Respirar
inato,Natural
incapaz,Inabil
incendiar,Queimar
incenso,Substancia
incerto,Duvidoso
incessante,Continuo
incidir,Ocorrer
incisivo,Afundo
inclinar,Inclinar
incluir,Adicionar
incomodar,Importunar
inconformado,Insatisfeito
incorreto,Errado
incrivel,Surpreendente
incutir,Instilar
indagar,Perguntar
index,Indicador
indicar,Mostrar
indicio,Sinal
indiferente,Neutro
indignado,Revoltado
indireto,Indireto
indispor,Doentar
individuo,Pessoa
indole,Carater
indulto,Perdao
induzir,Levar
inedito,Novo
inepto,Incapaz
inercia,Inatividade
inesperado,Repentino
infantil,Crianca
infeccao,Doenca
infeliz,Triste
inferior,Abaixo
inferir,Deduzir
infiel,Desleal
infinito,Eterno
inflar,Encher
influir,Influenciar
informar,Comunicar
infrator,Criminoso
infringir,Violar
infundado,Sem
ingerir,Consumir
ingles,Idioma
ingrato,Desagradecido
inguento,Substancia
inibir,Impedir
inicial,Primeiro
iniciar,Comecar
inimigo,Oponente
ininterrupto,Continuo
injusto,Errado
inovar,Renovar
inquerito,Investigacao
inquisidor,Investigador
insano,Louco
inscrever,Registrar
insensivel,Indiferente
inserir,Colocar
inseto,Animal
insidioso,Ameacador
insight,Ideia
insignificante,Pequeno
insinuar,Sugerir
insistir,Persistir
insolacao,Exposicao
insolente,Arrogante
inspecionar,Examinar
inspirar,Estimular
instalar,Colocar
instante,Momento
instigar,Incentivar
instinto,Natural
instruir,Ensinar
insular,Isolado
insulto,Ofensa
intacto,Inteiro
integrar,Incluir
inteiro,Completo
inteligente,Inteligente
intencao,Proposito
interagir,Comunicar
interceptar,Cortar
interessar,Importar
interior,Interno
intermediario,Meio
internar,Hospitalizar
interpelar,Questionar
interpor,Colocar
interpretar,Explicar
interromper,Parar
intervalo,Pausa
intervir,Interferir
intimo,Pessoal
intitular,Chamar
intocavel,Sagrado
intrigante,Interessante
introduzir,Apresentar
intruso,Invasor
intuicao,Pressentimento
inundar,Cobrir
inutil,Inservivel
invadir,Penetrar
invasor,Intruso
inveja,Descontentamento
inventar,Criar
inverno,Estacao
inversao,Mudanca
investigar,Examinar
inves,Em
invetrado,Enraizado
inviabilizar,Impossibilitar
invisivel,Imperceptivel
invocar,Chamar
iogurte,Alimento
ir,Deslocar
ira,Raiva
ironia,Sarcasmo
irreal,Imaginario
irritar,Incomodar
isca,Atrair
isento,Livre
isolar,Separar
isqueiro,Objeto
isso,Isso
istmo,Faixa
itinerario,Rota
jabuti,Animal
jaca,Fruta
jacare,Animal
jactancia,Orgulho
jade,Pedra
jaguar,Animal
jaleco,Vestuario
janeiro,Mes
jangada,Embarcacao
janela,Abertura
jangada,Embarcacao
janta,Refeicao
jantar,Refeicao
jardim,area
jarra,Recipiente
jarro,Recipiente
jato,Fluxo
jaula,Estrutura
javali,Animal
jazigo,Tumulo
jazz,Musica
jeans,Tecido
jeira,area
jeito,Modo
jejum,Abstinencia
jeova,Deus
jerimum,Legume
jesuita,Religioso
jingle,Musica
joalheria,Estabelecimento
joaninha,Inseto
job,Emprego
jogada,Acao
jogar,Participar
jogo,Atividade
joelho,Articulacao
joia,Objeto
jornada,Periodo
jornal,Publicacao
jorrar,Jorrar
jovem,Jovem
jubileu,Comemoracao
judia,Legume
juizo,Senso
julgar,Avaliar
jumento,Animal
junco,Planta
jungle,Mata
junta,Uniao
juntos,Unidos
juramento,Promessa
jurar,Prometer
juri,Tribunal
juridico,Legal
justa,Correta
justica,Equidade
justificar,Explicar
justo,Correto
juvenil,Jovem
labareda,Chama
labirinto,Confusao
laboratorio,Local
laborioso,Trabalhador
labuta,Trabalho
laco,Fita
lacrar,Fechar
lacuna,Falta
ladeira,Inclinacao
ladinho,Perto
lado,Posicao
ladrao,Criminoso
lagarta,Inseto
lago,agua
lagosta,Animal
laico,Secular
lama,Barro
lamina,Objeto
lamentar,Lamentar
lampada,Iluminacao
lanca,Arma
lancar,Atirar
lance,Evento
lanche,Refeicao
lanterna,Iluminacao
lapela,Parte
lapidacao,Polimento
lapis,Instrumento
laptop,Computador
laqueado,Verniz
laranja,Fruta
lareira,Estrutura
largada,Partida
largar,Soltar
largo,Amplo
laringe,orgao
laser,Feixe
lasca,Fragmento
laser,Feixe
lasso,Folgado
lastro,Base
latao,Metal
latejar,Pulsar
latencia,Espera
lateral,Lado
latifundio,Propriedade
latim,Idioma
latir,Emitir
latitude,Coordenada
latrina,Sanitario
laudo,Documento
lavabo,Sanitario
lavar,Limpar
lavoura,Agricultura
lazer,Descanso
leal,Confiavel
leao,Animal
leasing,Aluguel
lebre,Animal
ledo,Alegre
legado,Heranca
legal,Valido
legenda,Texto
legiao,Grupo
legitimo,Verdadeiro
legume,Vegetal
lei,Regra
leigo,Leigo
leilao,Venda
leite,Liquido
leito,Cama
leitura,Atividade
lema,Frase
lencol,Pano
lenda,Historia
lento,Devagar
lenha,Material
lente,Objeto
lentilha,Legume
leoa,Animal
leopardo,Animal
ler,Interpretar
lesao,Ferimento
lesma,Animal
leste,Direcao
letal,Mortal
letargia,Indiferenca
letra,Caractere
leva,Grupo
levar,Transportar
leve,Leve
levitar,Flutuar
lexico,Vocabulario
lhama,Animal
lhe,Pronome
li,Pronome
libelula,Inseto
liberal,Aberto
libertar,Soltar
libido,Desejo
librar,Equilibrar
libre,Gratis
licenca,Permissao
licito,Permitido
liderar,Comandar
lido,Conhecido
lidar,Administrar
liga,Associacao
ligar,Conectar
ligeiro,Rapido
limiar,Entrada
limitar,Restringir
limite,Fronteira
limo,Alga
limpar,Remover
limpe,Ordem
limpo,Limpo
linda,Bonita
linfa,Liquido
linha,Fio
link,Conexao
liquidez,Fluidez
liquido,Fluido
lira,Instrumento
lirico,Poetico
lisar,Alisar
liso,Liso
lisonja,Elogio
lista,Relacao
listra,Linha
lisura,Honestidade
liteira,Transporte
litigar,Disputar
litro,Medida
litoral,Costa
liturgia,Ritual
livrar,Libertar
livre,Livre
livro,Publicacao
lixa,Material
lixo,Residuo
loa,Elogio
lobisomem,Criatura
lobo,Animal
locacao,Aluguel
local,Lugar
locomotiva,Veiculo
locutor,Apresentador
lodo,Lama
logar,Registrar
logistica,Organizacao
logo,Simbolo
loira,Pessoa
loja,Estabelecimento
lombo,Parte
lona,Tecido
longe,Distante
longo,Comprido
lontra,Animal
lorde,Nobre
losango,Forma
lotado,Cheio
lotar,Encher
loteria,Jogo
loucura,Insanidade
louro,Cor
lousa,Quadro
louvar,Elogiar
louvor,Adoracao
lua,Corpo
luar,Iluminacao
lucidez,Clareza
lucrar,Ganhar
lugar,Local
lugubre,Triste
lume,Luz
luminoso,Brilhante
luneta,Instrumento
lupa,Instrumento
lusco,Parcial
luso,Portugues
luta,Combate
luto,Pesar
luz,Iluminacao
macabro,Sinistro
maca,Fruta
macacao,Vestuario
macaco,Animal
macar,Incomodar
macarrao,Alimento
macedônio,Povo
machado,Ferramenta
macho,Macho
macio,Suave
macom,Associacao
macro,Grande
madame,Senhora
madeira,Material
madrasta,Familiar
madre,Religiosa
madrugada,Horario
maduro,Amadurecido
mae,Familiar
mafia,Organizacao
magia,Arte
magma,Materia
magnata,Rico
magnetico,Atraente
magoado,Machucado
magreza,Finura
magro,Delgado
maio,Mes
maiô,Vestuario
maior,Grande
mais,Adicional
maisena,Alimento
major,Posto
mal,Doenca
mala,Bagagem
malabarismo,Habilidade
malandro,Esperto
malaria,Doenca
malcomportado,Indisciplinado
maldade,Crueldade
maldicao,Praga
maldoso,Malvado
maleavel,Flexivel
malefico,Dano
maleta,Recipiente
malha,Tecido
malhar,Exercitar
malicia,Astucia
maligno,Perigoso
maloca,Moradia
malogro,Fracasso
malote,Recipiente
malsao,Mal
malta,Grupo
maltrapilho,Desleixado
maluco,Louco
malvado,Cruel
mamae,Mae
mamao,Fruta
mamar,Alimentar
mamifero,Animal
mamona,Planta
mana,Irma
manada,Grupo
manancial,Fonte
mancha,Marca
manchar,Sujar
mandar,Ordenar
mandato,Periodo
mandibula,Osso
maneira,Modo
manejar,Controlar
manequim,Modelo
maneta,Amputado
manga,Fruta
mangue,area
mania,Obsessao
manha,Periodo
manifestar,Expressar
manilha,Tubo
manipular,Controlar
manivela,Alavanca
manjar,Alimento
manobrar,Controlar
mansao,Residencia
manso,Calmo
manta,Cobertura
mantar,Cobrir
mantega,Gordura
manteiga,Alimento
mantenedor,Suporte
mantimento,Alimento
manto,Vestuario
manual,Instrucao
manusear,Manipular
manutencao,Conservacao
mapa,Representacao
maquiavelico,Astuto
maquina,Equipamento
maquiagem,Cosmetico
mar,agua
maraca,Instrumento
marca,Sinal
marcar,Assinalar
marcha,Andamento
marco,Referencia
mare,agua
marechal,Posto
marfim,Material
margarida,Flor
margem,Borda
maria,Pessoa
marido,Cônjuge
marimbondo,Inseto
marina,Porto
marinho,Mar
marionete,Boneco
marisco,Animal
maritimo,Mar
marmita,Recipiente
marmoraria,Estabelecimento
marmore,Material
maroto,Esperto
marquise,Estrutura
marrao,Cor
martelo,Ferramenta
martir,Pessoa
marujo,Marinheiro
mascarado,Disfarcado
mascara,Protecao
mascate,Vendedor
mascote,Simbolo
masculino,Macho
massa,Alimento
massagem,Terapia
massivo,Grande
mastro,Poste
mata,Floresta
matadouro,Local
matar,Causar
match,Combinacao
mate,Bebida
matematica,Ciencia
materia,Substancia
material,Materia
matinal,Manha
matiz,Tom
materia,Assunto
matriarca,Lider
matricula,Registro
matrimônio,Casamento
matriz,Origem
matutar,Pensar
mau,Ruim
maxima,Frase
maximo,Maior
mazorca,Espiga
meado,Meio
meandro,Curva
mecha,Cabelo
medalha,Premio
medalhao,Joia
mediano,Medio
mediar,Intervir
medico,Profissional
medida,Quantidade
medieval,Historico
medio,Meio
medir,Avaliar
meditar,Refletir
medium,Pessoa
medo,Temor
medonho,Assustador
medrar,Crescer
medrosa,Medrosa
medula,Parte
mefistofelico,Mal
megafone,Instrumento
megera,Mulher
meia,Meia
meigo,Doce
meio,Centro
mel,Substancia
melado,Doce
melancia,Fruta
melhor,Superior
melodia,Musica
melro,Ave
memoria,Lembranca
mencao,Mencao
mendigo,Pessoa
menear,Balancar
menina,Crianca
menino,Crianca
menor,Pequeno
menos,Menos
mensagem,Comunicacao
mensal,Mes
mental,Psicologico
mentir,Enganar
mento,Queixo
mentor,Orientador
menu,Lista
mercadinho,Estabelecimento
mercado,Estabelecimento
mercador,Vendedor
mercadoria,Produto
mercantil,Comercio
mercurio,Elemento
merda,Excremento
merenda,Refeicao
mergulhar,Submergir
merito,Valor
mero,Simples
mesa,Movel
mesada,Dinheiro
mesclar,Misturar
meses,Tempo
mesma,Igual
mesmo,Proprio
mesquita,Templo
messa,Refeicao
mestre,Professor
meta,Objetivo
metade,Meio
metafora,Figura
metais,Materiais
meteoro,Fenômeno
meter,Inserir
metodico,Organizado
metrô,Transporte
metro,Medida
metropole,Cidade
mexer,Mover
mexerica,Fruta
mexicano,Povo
miado,Som
miar,Emitir
mica,Mineral
micro,Pequeno
midia,Comunicacao
migalha,Pedaco
migrar,Mudar
mil,Numero
milagre,Evento
milenio,Periodo
milho,Grao
militar,Forca
milenio,Periodo
milhar,Quantidade
mimado,Consentido
mimar,Consentir
mimica,Gesto
mina,Fonte
minar,Danificar
mineiro,Profissional
mineral,Substancia
mingau,Alimento
minhoca,Animal
mini,Pequeno
minoria,Grupo
minucioso,Detalhado
minuta,Rascunho
minuto,Tempo
miolo,Parte
mirante,Local
mirar,Apontar
mirra,Substancia
miriade,Inumeros
missa,Cerimônia
missao,Tarefa
misterioso,Desconhecido
mistico,Espiritual
mito,Lenda
mitra,Adorno
miudo,Pequeno
mixar,Misturar
mixto,Misto
mobile,Objeto
mocambo,Moradia
moca,Jovem
mocao,Proposta
mochila,Bagagem
mocidade,Juventude
moda,Tendencia
modelo,Exemplo
modem,Dispositivo
moderacao,Controle
moderado,Equilibrado
moderno,Atual
modesto,Simples
modificar,Alterar
modismo,Tendencia
modo,Maniera
modular,Ajustar
moeda,Dinheiro
moenda,Equipamento
moer,Triturar
mofo,Fungo
mogno,Madeira
moinho,Equipamento
moita,Vegetacao
mola,Objeto
moldar,Formar
molde,Modelo
moldura,Armacao
mole,Macio
molecula,Parte
molestar,Incomodar
molhado,umido
molhar,Umedecer
molhe,Estrutura
molho,Tempero
molusco,Animal
momentaneo,Passageiro
momento,Instante
monarca,Lider
monastico,Religioso
mondar,Podar
monetario,Dinheiro
mongol,Povo
monitor,Supervisor
mono,Um
monoculo,Instrumento
monopolio,Controle
monstro,Criatura
montanha,Geografia
montante,Quantia
montar,Preparar
monte,Colina
montra,Vitrine
monturo,Lixo
monumento,Construcao
morada,Residencia
morador,Habitante
moral,etica
morango,Fruta
morcego,Animal
mordaz,acido
morder,Morder
moreno,Cor
morfina,Substancia
morgue,Local
moribundo,Doente
morning,Manha
morno,Morno
moroso,Lento
morro,Colina
morsa,Animal
mortal,Mortal
mortandade,Morte
morte,Fim
morto,Falecido
mortuario,Funerario
mosca,Inseto
mosaico,Arte
mosquito,Inseto
mostarda,Condimento
mosteiro,Edificio
mostrar,Exibir
motel,Estabelecimento
motim,Rebeliao
motivar,Incentivar
motivo,Razao
moto,Veiculo
motor,Parte
motriz,Propulsor
mouro,Povo
movimento,Acao
movimentar,Agitar
movel,Objeto
mover,Deslocar
muco,Substancia
mucama,Empregada
mucho,Muito
mudo,Silencioso
mugir,Emitir
muito,Abundante
mulher,Pessoa
multa,Punicao
multar,Punir
multiplo,Varios
multidao,Grupo
mundo,Planeta
municao,Arma
municipio,Divisao
muralha,Estrutura
murar,Cercar
murcho,Murcho
muro,Estrutura
murro,Golpe
musa,Inspiracao
muscular,Forca
museu,Local
musica,Som
musical,Relacionado
musico,Profissional
musgo,Planta
mussarela,Queijo
mutacao,Mudanca
mutilado,Lesado
mutirao,Grupo
mutual,Reciproco
nabo,Legume
nacao,Pais
nacional,Pais
nadar,Flutuar
naderia,Insignificancia
nado,Natacao
nao,Negativa
narina,Parte
nariz,orgao
narracao,Contar
nasal,Relacionado
nascenca,Inicio
nascer,Comecar
nata,Creme
natal,Nascimento
natimorto,Morto
nativo,Natural
nato,Nascido
natureza,Ambiente
nau,Embarcacao
nausea,Enjoo
nauseabundo,Repugnante
nave,Embarcacao
navegar,Viajar
navio,Embarcacao
neblina,Nevoa
nebuloso,Confuso
necedade,Tolice
necesidade,Precisao
negar,Recusar
negativo,Contrario
negligencia,Descaso
negociar,Barganhar
negocio,Empresa
negrume,Escuridao
negrura,Cor
nenem,Bebe
nenhum,Nenhum
nervo,Parte
nervoso,Ansioso
nesga,Parte
nespero,Fruta
neta,Familiar
neto,Familiar
neural,Relacionado
neurônio,Celula
neutralidade,Imparcialidade
neutro,Neutro
nevasca,Tempestade
neve,Precipitacao
nevoa,Nevoa
nexo,Relacao
nicho,Espaco
ninar,Acamar
ninfa,Mitologia
ninho,Abrigo
niquel,Elemento
nitido,Claro
nivelar,Igualar
nivel,Altura
nobre,Aristocrata
nocaute,Golpe
nocao,Ideia
nodoa,Mancha
nodoa,Mancha
noite,Periodo
noiva,Pessoa
noivado,Compromisso
nojo,Repulsa
nome,Denominacao
nomear,Designar
nono,Numero
nora,Familiar
nordeste,Direcao
norma,Regra
normal,Comum
norte,Direcao
nosso,Possessivo
nota,Observacao
notar,Perceber
noticia,Informacao
notorio,Conhecido
novato,Iniciante
nove,Numero
novela,Historia
novembro,Mes
novilho,Animal
novo,Recente
nu,Sem
nublado,Coberto
nuca,Parte
nuclear,Central
nucleo,Centro
nudez,Estado
nulo,Invalido
numeral,Numero
nunca,Jamais
nupcial,Casamento
nuvem,Vapor
obcecar,Obsessao
obedecer,Seguir
obeso,Gordo
objeto,Coisa
objetivo,Finalidade
obliquo,Inclinado
obra,Trabalho
obrigar,Forcar
obscuro,Escuro
observar,Examinar
obsessao,Fixacao
obsoleto,Antigo
obstaculo,Dificuldade
obstar,Impedir
obter,Conseguir
obtuso,Estupido
obvio,Claro
oca,Oca
ocasiao,Opotunidade
ocaso,Poente
oceano,Mar
ocidental,Oeste
ocultar,Esconder
ocupar,Usar
ocorrer,Acontecer
odiar,Odiar
odio,Raiva
oeste,Direcao
oferta,Proposta
oficial,Formal
oficina,Local
oficio,Profissao
ofuscar,Cegar
ogiva,Forma
ohm,Unidade
oitava,Nota
oitao,Parede
olaria,Estabelecimento
oleiro,Profissional
olhar,Ver
olho,orgao
olho,Parte
oliva,Fruta
olmo,arvore
oloroso,Aromatico
ombro,Membro
omissao,Falta
omitir,Excluir
onca,Animal
onda,Movimento
onde,Lugar
oneracao,Carga
oneroso,Custoso
ontem,Passado
onze,Numero
opaco,Fosco
opala,Gema
opcao,Escolha
operar,Realizar
opiniao,Pensamento
opor,Contrapor
oportuno,Adequado
oposicao,Contrario
optar,Escolher
optico,Visual
opulento,Rico
oracao,Discurso
oraculo,Profecia
orar,Rezar
orbital,Trajetoria
orbita,Trajetoria
orca,Animal
orcamento,Plano
ordem,Organizacao
ordenar,Comandar
ordinariez,Vulgaridade
orelha,orgao
orfanato,Instituicao
organico,Natural
organizar,Arrumar
orgasmo,Prazer
orgulho,Orgulho
orientar,Dirigir
origem,Inicio
original,Primeiro
orla,Borda
ornamento,Decoracao
orquestra,Grupo
ortodoxo,Tradicional
ortografia,Escrita
osar,Arriscar
oscilacao,Variacao
osso,Parte
ostentar,Exibir
ostra,Animal
otario,Ingenuo
otimismo,Positivo
ou,Alternativa
ourives,Profissional
ouro,Metal
ousadia,Coragem
ousar,Arriscar
outono,Estacao
outorgar,Conceder
outro,Outro
outrora,Antigamente
ouvido,orgao
ouvir,Escutar
ovacao,Aplauso
oval,Forma
ovelha,Animal
over,Acima
oviparo,Reproducao
ovo,Alimento
ovular,Produzir
oxala,Esperanca
oxidar,Enferrujar
oxigenio,Elemento
ozônio,Gas
pacato,Calmo
paciente,Pessoa
pacifico,Calmo
pacote,Embalagem
pacovio,Simples
pacto,Acordo
padecer,Sofrer
padrao,Modelo
padre,Religioso
pagar,Quitar
pagina,Folha
pagao,Religiao
pais,Territorio
paixao,Emocao
pajem,Servo
palacio,Edificio
paladar,Senso
palavra,Termo
palco,Local
palerma,Tolo
palestra,Discurs
paleto,Vestuario
palha,Material
palhaco,Cômico
palheta,Peca
palhoca,Moradia
palidez,Cor
palido,Claro
palito,Objeto
palma,Parte
palmada,Golpe
palpitar,Bater
palrar,Falar
pampa,Geografia
panaca,Tolo
panca,Parte
pandego,Divertido
pane,Falha
panela,Utensilio
panico,Medo
pano,Tecido
panteao,Templo
pantera,Animal
pantomima,Teatro
pao,Alimento
papa,Lider
papagaio,Ave
papel,Material
paper,Documento
papila,Parte
papiro,Material
paquera,Flert
par,Dois
para,Preposicao
parada,Interrupcao
parafuso,Peca
paralelo,Semelhante
paralisia,Imobilidade
parar,Interromper
parcela,Parte
parceria,Associacao
pardo,Cor
parecer,Opiniao
paredao,Estrutura
parede,Estrutura
parente,Familiar
paria,Excluido
parir,Dar
parque,area
parvo,Tolo
pascoa,Feriado
passado,Anterior
passagem,Transito
passaporte,Documento
passar,Transitar
passear,Caminhar
passivo,Inativo
passo,Movimento
pasta,Material
pastar,Alimentar
pastel,Alimento
pastor,Religioso
pata,Membro
patada,Golpe
patamar,Nivel
patente,Claro
paternal,Pai
patio,area
patife,Velha
patinar,Deslizar
patria,Pais
patroa,Chefe
pau,Madeira
pausa,Intervalo
pauta,Lista
pavao,Ave
pavio,Pavio
pavor,Medo
paz,Tranquilidade
peca,Parte
pecado,Erro
peconha,Veneno
pedaco,Parte
pedal,Peca
pedestre,Pessoa
pedido,Solicitacao
pedir,Solicitar
pedra,Rocha
pedregulho,Rocha
pegar,Agarrar
peito,Parte
peixe,Animal
pejado,Cheio
pelagem,Pelo
pelicano,Ave
pelicula,Camada
pelo,Cabelo
pelota,Bola
pena,Sentimento
penal,Punicao
pendulo,Objeto
penetrar,Entrar
penhasco,Rocha
pensamento,Ideia
pensar,Refletir
pensao,Alojamento
pente,Objeto
penugem,Pelo
pequeno,Pequeno
pera,Fruta
perante,Diante
perca,Perda
perceber,Notar
percorrer,Atravessar
perder,Falhar
perdao,Remissao
perdoar,Desculpar
perecivel,Decadente
peregrino,Viajante
perene,Eterno
perfeito,Excelente
perfumar,Aromatizar
pergunta,Questao
pericia,Habilidade
perigo,Risco
perimetro,Contorno
periodo,Tempo
perito,Especialista
permanecer,Ficar
permitir,Autorizar
perna,Membro
pernostico,Afetado
peroba,arvore
perplexo,Confuso
perseguir,Seguir
perseverar,Persistir
personagem,Personagem
perspicaz,Inteligente
persuadir,Convencer
perto,Proximo
peruca,Cabelo
perverso,Malvado
pesado,Heavy
pesar,Pesar
pesca,Atividade
pescar,Capturar
pescoco,Parte
pesquisa,Investigacao
peso,Massa
pessoa,Individuo
pessoal,Individual
pestana,Cilio
pe,Parte
peteca,Objeto
peticao,Solicitacao
petisco,Alimento
piada,Brincadeira
piano,Instrumento
piar,Emitir
pica,Arma
picada,Ferida
picante,Apimentado
pichar,Rabiscar
piedade,Compaixao
piegas,Sentimental
pigmeu,Povo
pilao,Utensilio
pilar,Suporte
pilha,Energia
pilhar,Roubar
piloto,Condutor
pimenta,Tempero
pimpolho,Crianca
pincel,Instrumento
pingar,Gotejar
pingo,Gota
pinha,Fruto
pinheiro,arvore
pino,Peca
pintar,Cobrir
pintor,Artista
pintura,Arte
pior,Inferior
pipa,Brinquedo
pipocar,Estourar
piquete,Grupo
pira,Fogo
piramide,Forma
pirata,Criminoso
pirueta,Movimento
pisar,Pisar
piscar,Piscar
piscina,Recipiente
piso,Chao
pista,Trilha
piteu,Alimento
pivô,Centro
pixar,Pintar
pizza,Alimento
placa,Sinal
planalto,Geografia
planar,Voar
planear,Planejar
planeta,Corpo
plano,Chao
plantar,Cultivar
planta,Vegetal
plantao,Periodo
plateia,Publico
plausivel,Provavel
plebe,Povo
pleito,Eleicao
pleno,Completo
pluma,Pena
plural,Varios
po,Po
pobre,Pobre
poda,Corte
podar,Cortar
poder,Forca
podre,Estragado
poeira,Particula
poema,Texto
poente,Oeste
poesia,Literatura
poeta,Escritor
pois,Portanto
polaca,Pais
polar,Extremo
polemica,Discussao
policia,Seguranca
polido,Educado
polir,Alisar
polpa,Parte
poluicao,Contaminacao
polvo,Animal
pomada,Substancia
pomar,area
pomba,Ave
pombo,Ave
pomo,Fruto
pompa,Esplendor
ponderar,Considerar
pônei,Animal
pontada,Dor
ponte,Estrutura
pontual,Horario
pontuar,Marcar
pop,Musica
populacao,Povo
por,Preposicao
porca,Peca
porcao,Parte
porco,Animal
pormenor,Detalhe
porno,Sexual
poro,Abertura
porque,Razao
porta,Abertura
portanto,Consequentemente
porte,Tamanho
porto,Local
portugues,Idioma
porventura,Talvez
porvir,Futuro
posar,Posicionar
pose,Posicao
posicao,Lugar
posse,Propriedade
possuir,ter
postal,Correio
poste,Suporte
posto,Local
postura,Atitude
potavel,Bebivel
pote,Recipiente
potro,Animal
pouco,Pequeno
pousada,Estabelecimento
pousar,Descer
povo,Pessoas
povoado,Local
praca,area
praga,Doenca
praia,Geografia
prancha,Objeto
pranto,Choro
prata,Metal
prato,Utensilio
praxe,Costume
prazer,Satisfacao
preambulo,Introducao
prece,Oracao
preceder,Anteceder
preceito,Regra
precioso,Valioso
precipitar,Acelerar
preciso,Exato
preconceito,Julgamento
predador,Cacador
predio,Edificio
predizer,Prever
preeminente,Importante
preencher,Completar
prefacio,Introducao
prefeito,Lider
preferir,Preferir
prefixo,Inicio
pregar,Fixar
prego,Peca
prejudicar,Dano
preliminar,Inicial
premente,Urgente
premiar,Recompensar
premio,Recompensa
premir,Apertar
prender,Segurar
prenome,Nome
prenuncio,Sinal
preparar,Organizar
preponderante,Importante
prepotente,Arrogante
presa,Animal
presenca,Existencia
presente,Atual
preservar,Proteger
presidente,Lider
pressa,Urgencia
pressagio,Sinal
pressao,Forca
prestacao,Pagamento
prestar,Fornecer
prestes,Pronto
presumir,Supor
presunto,Alimento
pretexto,Desculpa
preterito,Passado
preto,Cor
prevalecer,Prevalecer
prever,Antecipar
previdencia,Protecao
previsto,Esperado
prezado,Estimado
primar,Excelencia
primata,Animal
primeiro,Inicial
primitivo,Antigo
primor,Excelencia
primordial,Fundamental
principe,Lider
principal,Principal
principio,Inicio
prioridade,Importancia
prisao,Carcere
privar,Impedir
privilegio,Vantagem
pro,Afavor
proa,Parte
probabilidade,Chance
proceder,Agir
processo,Procedimento
procissao,Cortejo
proclamar,Declarar
procriar,Reproduzir
procurar,Buscar
produto,Resultado
produzir,Criar
proeza,Feito
profano,Sagrado
profecia,Previsao
professor,Educador
proficiencia,Habilidade
profissao,Ocupacao
profundo,Fund
progenie,Descendencia
prognostico,Previsao
programa,Plano
progresso,Desenvolvimento
proibir,Impedir
projeto,Plano
prol,Beneficio
prole,Familia
prolixo,Extenso
prologo,Introducao
promessa,Compromisso
prometer,Comprometer
promontorio,Geografia
promover,Incentivar
pronome,Palavra
pronuncia,Fala
propagar,Espalhar
propensao,Tendencia
propicio,Favoravel
propina,Suborno
propor,Sugerir
proporcao,Razao
proposito,Intencao
prorrogar,Estender
prosa,Texto
proscrever,Proibir
prosperar,Florescer
protagonista,Principal
proteger,Defender
protestar,Reclamar
protocolo,Regra
prototipo,Modelo
prova,Evidencia
provar,Testar
provedor,Fornecedor
proveniente,Originario
prover,Fornecer
proverbio,Ditado
provimento,Fornecimento
provocar,Causar
proximidade,Perto
prumo,Vertical
psicologia,Ciencia
pub,Estabelecimento
puberdade,Idade
publicar,Divulgar
publico,Aberto
pudor,Vergonha
pueril,Infantil
pugna,Luta
pujanca,Forca
pular,Saltar
pulga,Inseto
pulmao,orgao
pulo,Salto
pulsar,Bater
pulso,Pulso
pum,Som
pungir,Doer
punho,Parte
punir,Castigar
pupila,Parte
pupilo,Aluno
pure,Alimento
puro,Limpo
puxar,Puxar
quadra,area
quadro,Pintura
qual,Qual
quando,Tempo
quantia,Quantidade
quantum,Quantidade
quao,Quao
quarar,Curar
quartel,Local
quarto,Cômodo
quasar,Corpo
quase,Quase
quatro,Numero
que,Que
quebrar,Partir
queda,Queda
queijo,Alimento
queima,Queima
queimar,Arder
queixa,Reclamacao
queixada,Parte
quelha,Peca
quem,Quem
quente,Quente
querer,Desejar
quesito,Item
questionar,Perguntar
quiabo,Legume
quibe,Alimento
quieto,Calmo
quilate,Medida
quilombo,Comunidade
quimera,Ilusao
quimica,Ciencia
quinhao,Parte
quinquagem,Idade
quinta,Propriedade
quintal,area
quinto,Numero
quinze,Numero
quitar,Pagar
quite,Quitado
quorum,Minimo
quotidiano,Diario
rabeca,Instrumento
rabicho,Extensao
rabino,Religioso
rabo,Parte
raca,Especie
rachar,Partir
racial,Etnia
radar,Dispositivo
radial,Circular
radicar,Fixar
radical,Extremo
radio,Comunicacao
raiar,Nascer
rainha,Lider
raio,Descarga
raiva,Furia
raiz,Parte
rajada,Explosao
ralar,Esfregar
rale,Povo
ralo,Espacoso
ramal,Linha
ramo,Parte
rampa,Inclinacao
rancho,Refeicao
rancor,Ressentimento
ranger,Rangido
ranhura,Sulco
ranco,Cheiro
rapadura,Doce
rapagem,Raspar
rapape,Saudacao
rapar,Raspar
rapaz,Jovem
rape,Produto
rapido,Veloz
rapina,Roubo
raposa,Animal
rapto,Sequestro
raquete,Instrumento
raro,Incomum
rasa,Plana
rascar,Arranhar
rasgar,Rasgar
raso,Plano
raspador,Instrumento
rasteira,Queda
rastro,Sinal
rata,Animal
ratear,Dividir
ratificar,Confirmar
rato,Animal
ravina,Geografia
razao,Motivo
reabrir,Abrir
reacao,Resposta
readquirir,Comprar
reagir,Responder
real,Real
realcar,Destacar
realizar,Concretizar
reanimar,Reviver
reaprovar,Aprovar
reaver,Recuperar
rebaixar,Abaixar
rebanho,Grupo
rebater,Responder
rebelde,Insurgente
rebento,Broto
rebocar,Cobrir
reboque,Reboque
rebuscar,Procurar
recado,Mensagem
recaida,Queda
recalcar,Reprimir
recanto,Canto
recapitular,Resumir
recato,Modestia
recear,Temer
receber,Aceitar
receita,Formula
recente,Novo
recepcao,Recebimento
recesso,Intervalo
recibo,Comprovante
recife,Formacao
recipiente,Conteiner
reciproco,Mutuo
recitar,Declamar
reclamar,Protestar
recluso,Isolado
recobrar,Recuperar
recôndito,Escondido
reconhecer,Admitir
recordar,Lembrar
recorrer,Utilizar
recortar,Cortar
recreio,Intervalo
recriar,Criar
recrutar,Contratar
recto,Reto
recuar,Retroceder
recusar,Rejeitar
rede,Estrutura
redigir,Escrever
redimir,Resgatar
redoma,Recipiente
redondo,Circular
redor,Volta
redundar,Resultar
reduzir,Diminuir
reeleger,Eleger
reembolsar,Devolver
refazer,Fazer
refeicao,Refeicao
refem,Cativo
referir,Mencionar
refinar,Purificar
refletir,Pensar
reflexo,Resposta
reformar,Reformar
refrao,Repeticao
refrear,Conter
refrescar,Refrescar
refrigerar,Resfriar
refugiar,Proteger
refutar,Contestar
regar,Molhar
regatar,Resgatar
regente,Lider
reger,Governar
regime,Sistema
regua,Instrumento
regiao,area
registrar,Anotar
regra,Norma
regressar,Voltar
regua,Instrumento
reinar,Governar
reino,Territorio
reitor,Lider
rejeitar,Recusar
rejuvenescer,Rejuvenesc
relacao,Conexao
relampejar,Relampejar
relance,Olhar
relatar,Contar
relativo,Relacionado
relaxar,Descansar
relegar,Designar
reler,Ler
reliquia,Objeto
relutar,Relutar
relva,Grama
remador,Remador
remanso,Calmaria
remar,Remar
rematar,Finalizar
remedio,Medicamento
remeter,Enviar
remexer,Mexer
remissao,Perdao
remoto,Distante
remover,Retirar
rena,Animal
renda,Tecido
render,Produzir
renegar,Negar
renhido,Aceso
renome,Fama
renovar,Renovar
renuncia,Desistencia
reparar,Consertar
repasse,Transferencia
repelir,Rejeitar
repensar,Repensar
repetir,Repetir
repicar,Tocar
repolho,Legume
reportar,Relatar
reposicao,Substituicao
repousar,Descansar
represa,Barragem
reprimir,Conter
reprovar,Reprovar
reptil,Animal
republica,Governo
repudiar,Rejeitar
repuxar,Puxar
requerer,Solicitar
requinte,Refinamento
resenha,Analise
reserva,Estoque
resgatar,Salvar
residir,Morar
resigna,Conforma
resina,Substancia
resistir,Opôr
resmungar,Resmungar
resolucao,Decisao
resolver,Resolver
respeitar,Respeitar
respingar,Respingar
responder,Responder
responsa,Responsabilidade
ressaca,Mare
ressalva,Restricao
ressentir,Magoado
ressoa,Ressoar
restante,Sobrante
restaurar,Recuperar
resto,Sobra
resultar,Resultar
resumir,Resumir
retalho,Pedaco
retardar,Atrasar
reter,Manter
retesar,Esticar
retido,Preso
retina,Parte
retirar,Remover
retorica,Persuasao
retornar,Voltar
retrair,Recuar
retrato,Imagem
retrete,Sanitario
retribuir,Retribuir
retro,Passado
reunir,Juntar
revelar,Mostrar
rever,Ver
reverso,Contrario
revezar,Alternar
revirado,Virado
revirar,Virar
revista,Publicacao
reviver,Reviver
revogar,Cancelar
revolta,Rebeliao
rezar,Oracao
riacho,Corrego
riba,Margem
ribalta,Palco
ribeiro,Rio
riqueza,Abundancia
risada,Riso
riscar,Riscar
risco,Perigo
riso,Riso
rissol,Alimento
rito,Ritual
rival,Competidor
rixa,Briga
robalo,Peixe
roca,Plantacao
rocar,Tocar
rochedo,Rocha
roda,Objeto
rodada,Volta
rodape,Parte
rodar,Girar
rodeio,Volta
rodopia,Giro
roedor,Animal
roer,Morder
rogo,Suplica
rojao,Foguete
rola,Ave
rolar,Rolar
rolete,Peca
rolha,Tampa
rolo,Objeto
romance,Historia
romano,Povo
romaria,Peregrinacao
rombo,Buraco
romper,Quebrar
roncar,Roncar
ronco,Som
ronda,Patrulha
roque,Forte
rosa,Cor
rosca,Peca
rosto,Rosto
rota,Trajeto
rotina,Costume
rotulo,Etiqueta
roubar,Furtar
roupa,Vestuario
roxo,Cor
rua,Via
rubi,Gema
rubor,Vermelhidao
rubro,Vermelho
rude,Grosseiro
ruela,Rua
rufar,Bater
rufo,Secreto
ruga,Dobra
rugido,Som
ruido,Barulho
ruim,Mau
ruina,Destruicao
ruir,Desmoronar
rum,Direcao
ruminar,Pensar
rumo,Direcao
rumor,Boato
runa,Simbolo
rupestre,Antigo
ruptura,Quebra
rural,Campo
rusga,Desentendimento
russo,Povo
sabado,Dia
sabao,Produto
saber,Conhecer
sabia,Ave
sabido,Inteligente
sabor,Gosto
sabre,Arma
sabugo,Miolo
saca,Recipiente
sacar,Retirar
sacho,Ferramenta
saciar,Satisfazer
saco,Bolsa
sacola,Bolsa
sacudir,Agitar
sagaz,Esperto
sagrado,Santo
saguao,area
saia,Vestuario
saibro,Material
saida,Partida
saiote,Vestuario
sair,Partir
sal,Substancia
sala,Cômodo
salada,Alimento
salao,area
salario,Remuneracao
salda,Quita
saldar,Quitar
saldo,Balanco
saleiro,Recipiente
saleta,Pequena
salgar,Temperar
salientar,Destacar
salina,Local
salino,Sal
saliva,Liquido
saltar,Pular
saltear,Atacar
salto,Pulo
salubre,Saudavel
salva,Salva
salvar,Proteger
salvo,Seguro
samba,Danca
samambaia,Planta
sambodromo,Local
sanar,Corrigir
sancao,Punicao
sanfona,Instrumento
sangue,Liquido
sanguessuga,Animal
sanha,Furia
sanidade,Saude
santo,Sagrado
sanzala,Aldeia
sapato,Calcado
sape,Planta
sapiens,Humano
sapo,Animal
saque,Roubo
sarampo,Doenca
sarar,Curar
sarau,Evento
sarda,Mancha
sargaco,Alga
sarjeta,Canal
sarrafa,Peca
sarrafo,Peca
satanas,Diabo
satelite,Corpo
satisfazer,Agradar
saturar,Encher
saudade,Lembranca
saudar,Cumprimentar
saude,Bem-estar
sauna,Local
saxao,Povo
se,Pronome
seara,area
sebe,Cerca
seca,Estiagem
secar,Secar
secao,Parte
secreto,Secreto
sectarismo,Fanatico
secundario,Secundario
sedar,Acamar
sede,Local
sedento,Sedento
sediar,Abrigar
sedoso,Suave
sedutor,Atraente
segmento,Parte
segredo,Segredo
seguida,Sequencia
seguir,Acompanhar
segundo,Tempo
segurar,Seguar
seio,Parte
seita,Grupo
seiva,Liquido
seja,Verbo
sela,Peca
selar,Fechar
selecao,Escolha
selim,Peca
selo,Objeto
selva,Floresta
sem,Falta
semana,Periodo
semblante,Rosto
semente,Semente
senado,Camara
senador,Politico
senda,Caminho
senha,Codigo
senhor,Pessoa
senhora,Mulher
senil,Idoso
senso,Razao
sensual,Sensual
sentar,Assentar
sentido,Direcao
sentir,Perceber
separar,Dividir
sepultura,Tumulo
sequaz,Seguidor
sequer,Nem
sequito,Acompanhamento
ser,Existir
serao,Tarde
serenata,Musica
sereno,Calmo
sergipe,Estado
serie,Sequencia
seriedade,Gravidade
seringa,Instrumento
sermao,Discurso
serpente,Animal
serra,Geografia
serralheiro,Profissional
servico,Trabalho
servir,Atender
sessao,Periodo
sesta,Descanso
seta,Flecha
sete,Numero
setor,area
sevandija,Sujeira
severidade,Rigor
sexo,Genero
sexta,Dia
sexual,Relacionado
short,Vestuario
show,Espetaculo
si,Pronome
sibilar,Assobiar
sicrano,Pessoa
sidecar,Veiculo
sidra,Bebida
sifao,Dispositivo
sigilo,Segredo
sigla,Abreviacao
signo,Simbolo
silaba,Parte
silencio,Quietude
silhueta,Forma
silo,Deposito
silva,Planta
silvestre,Selvagem
sim,Afirmacao
simbiose,Relacao
simbolo,Representacao
simetria,Proporcao
simples,Facil
simular,Imitar
sinal,Indicacao
sinapse,Conexao
sinceridade,Honestidade
sincope,Desmaio
sindicato,Associacao
sineta,Sino
sinfonia,Musica
singular,unico
sinistro,Assustador
sino,Objeto
sinopse,Resumo
sintaxe,Estrutura
sintoma,Indicacao
sinuoso,Curvo
sirenide,Animal
siri,Animal
sistema,Conjunto
sitiar,Cercar
sitio,Local
situar,Localizar
smoking,Vestuario
soar,Emitir
soba,Lider
sobejo,Excesso
soberano,Soberano
sobra,Resto
sobre,Sobre
sobrepor,Colocar
sobressair,Destacar
sobretudo,Casaco
socar,Golpear
social,Sociedade
socorro,Ajuda
soda,Bebida
soer,Costumar
sofa,Movel
sofisma,Argumento
sofrer,Passar
sofrido,Sofrido
sogro,Familiar
sol,Estrela
sola,Parte
solda,Material
soldado,Militar
soleira,Parte
solene,Solen
solidao,Isolamento
solidez,Firmeza
solido,Solido
solitario,Sozinho
solo,Chao
soltar,Libertar
solto,Livre
solucar,Chorar
solucionar,Resolver
solvente,Dissolvente
sombra,Escuridao
sombrio,Escuro
somente,Apenas
sonambulo,Dormindo
sonda,Instrumento
sonhar,Imaginar
sonho,Pensamento
sono,Descanso
sonoro,Barulhento
sopa,Alimento
sopapo,Golpe
sope,Base
sopro,Ar
soprar,Assoprar
soquete,Golpe
sorrir,Sorrir
sorriso,Expressao
sorte,Acaso
sortir,Fornecer
sorver,Absorver
sorvete,Alimento
sos,Sozinhos
sossego,Tranquilidade
sotaque,Sotaque
sotao,atico
soterrar,Enterrar
sou,Pronome
sova,Bater
sovaco,Parte
sozinho,Sozinho
subir,Elevar
subito,Repentino
subjugar,Dominar
sublime,Excelente
submergir,Afundar
submissao,Obediencia
substancia,Materia
subterraneo,Subterraneo
subtrair,Retirar
suceder,Acontecer
sucesso,Resultado
sucata,Ferro
sucesso,Sucesso
suco,Liquido
sucumbir,Ceder
sudario,Pano
sude,Direcao
sueco,Povo
suela,Parte
sueste,Direcao
sufixo,Parte
sufocar,Asfixiar
sugar,Chupar
sugerir,Indicar
sujeira,Sujeira
sujeito,Pessoa
sujar,Sujar
sul,Direcao
sulco,Linha
sulfato,Substancia
suma,Total
sumir,Desaparecer
sumo,Essencia
superar,Vencer
superfluo,Desnecessario
supino,Posicao
suplicio,Tortura
suporte,Apoio
supor,Imaginar
supremo,Maximo
surdo,Surdo
surfar,Praticar
surpresa,Inesperado
surgir,Aparecer
surra,Bater
surreal,Irreal
surrupiar,Roubar
surtir,Produzir
susa,Pe
suspeitar,Desconfiar
suspender,Parar
sustenido,Nota
sustentar,Manter
sutil,Delicado
sutura,Costura
taba,Aldeia
tabaco,Planta
tabela,Lista
taberna,Estabelecimento
tablado,Palco
tabu,Proibicao
tabua,Madeira
taca,Copo
taca,Recipiente
tachar,Acusar
tacito,Implicito
taco,Objeto
tatica,Estrategia
tato,Tato
tatu,Animal
tatuagem,Desenho
taverna,Estabelecimento
taxa,Percentual
taxar,Estabelecer
tchau,Despedida
te,Pronome
tedio,Aborrecimento
teia,Rede
teima,Persistencia
teimosia,Teimosia
teipe,Fita
tejo,Rio
tela,Superficie
telha,Peca
telhado,Cobertura
tema,Assunto
temente,Medroso
temer,Recear
temperar,Temperar
templo,Edificio
tempo,Periodo
tenaz,Ferramenta
tenda,Estabelecimento
tendencia,Direcao
tenente,Posto
tenis,Esporte
tensao,Pressao
tentar,Tentar
tenue,Fino
teor,Conteudo
teoria,Hipotese
ter,Posse
terapeuta,Profissional
terca,Dia
terco,Parte
tergiversar,Desviar
termas,aguas
terminal,Final
terminar,Finalizar
termo,Palavra
terno,Conjunto
terra,Planeta
terreno,area
territorio,area
terror,Medo
terso,Limpo
tesao,Excitacao
teso,Tenso
tesouro,Riqueza
testa,Parte
testar,Experimentar
testemunha,Pessoa
teto,Cobertura
texto,Escrito
textura,Composicao
ti,Pronome
tia,Familiar
tibia,Osso
tigre,Animal
til,Sinal
tilia,arvore
timido,Reservado
timo,orgao
tina,Banheira
tingir,Colorir
tino,Senso
tinta,Substancia
tinto,Cor
tipo,Modelo
tique,Nervoso
tira,Faixa
tirar,Remover
tiro,Disparo
titulo,Titulo
titular,Proprietario
toalha,Pano
toar,Ressoar
toca,Esconderijo
tocar,Tocar
todavia,Contudo
todo,Completo
toiro,Animal
tojo,Planta
tola,Boba
tolher,Impedir
tom,Tom
toma,Acao
tomar,Pegar
tomate,Legume
tombo,Caida
tona,Superficie
tonica,Bebida
tonto,Tonto
topar,Encontrar
topo,Parte
toque,Toque
torcer,Dobrar
torcida,Torcida
tornar,Voltar
torneio,Competicao
torno,Maquina
torpe,Vergonhoso
torpor,Entorpecimento
torque,Forca
torrada,Alimento
torrao,Pedaco
torre,Estrutura
torso,Corpo
torta,Alimento
torto,Curvo
tosar,Cortar
tosco,Grosseiro
tosse,Doenca
tostar,Assar
total,Completo
toxico,Venenoso
traca,Inseto
tracar,Desenhar
traco,Linha
tradicao,Costume
traduzir,Interpretar
trafego,Transito
traicao,Deslealdade
trair,Enganar
trajar,Vestir
trajeto,Percurso
trama,Tecido
tramar,Planejar
tramite,Processo
trancar,Fechar
tranquilo,Calmo
transar,Relacionar
transbordar,Transbordar
transcender,Superar
transcorrer,Passar
transferir,Mover
transicao,Mudanca
transmitir,Comunicar
transpor,Atravessar
trapa,Peca
tras,Tras
traste,Objeto
tratado,Acordo
tratar,Cuidar
trauma,Lesao
travao,Freio
travar,Travar
trazer,Carregar
trecho,Parte
tregua,Pausa
treinar,Praticar
trem,Veiculo
tremor,Tremor
treno,Veiculo
trepar,Subir
tres,Numero
treva,Escuridao
trevo,Planta
treze,Numero
tri,Tres
triagem,Selecao
tribo,Grupo
tribunal,Corte
trigo,Grao
trilha,Caminho
trilho,Guia
trinca,Rachadura
trinta,Numero
trio,Grupo
tripa,Parte
triplo,Tres
triste,Triste
triturar,Moinhar
triunfo,Vitoria
troca,Permuta
trocar,Substituir
troco,Moeda
trofeu,Premio
tromba,Tromba
trombone,Instrumento
trompa,Instrumento
tronco,Parte
trono,Assento
tropa,Roupa
trota,Passo
trote,Brincadeira
trova,Poema
trovar,Compor
trovo,Barulho
trufa,Doce
trupe,Grupo
truta,Peixe
tu,Pronome
tuba,Instrumento
tubarao,Animal
tubo,Cilindro
tudo,Tudo
tufao,Tempestade
tumido,umido
tumor,Massa
tunel,Passagem
tunica,Vestuario
tupi,Povo
turba,Multidao
turbo,Forca
turco,Povo
turfa,Material
turismo,Viajar
turno,Periodo
turvar,Turvar
turvo,Turvo
tutela,Protecao
tutor,Responsavel
uivar,Uivar
uivo,Som
ultimar,Finalizar
ultra,Extremo
ultrapassar,Superar
um,Um
umbigo,Parte
umbral,Entrada
umidade,Umidade
unanime,Concordancia
uncao,Ritual
ungir,Untar
unico,unico
unidade,Unidade
unido,Junto
unir,Juntar
universo,Espaco
uno,Um
untar,Passar
urano,Planeta
urbano,Cidade
urdir,Tecer
urgente,Imediato
urina,Liquido
urna,Recipiente
urso,Animal
urze,Planta
usado,Utilizado
usar,Utilizar
uso,Costume
usual,Comum
usura,Juro
utensilio,Ferramenta
utero,orgao
util,Pratico
utilizar,Usar
utopia,Ideal
uva,Fruta
vacilar,Tremer
vaga,Onda
vagar,Devagar
vagem,Legume
vago,Impreciso
vaia,Gesto
vaidade,Orgulho
vaivem,Movimento
vala,Vala
vale,Vale
valente,Corajoso
valer,Valer
valeta,Canal
valia,Valor
validade,Vigencia
valioso,Valioso
valsa,Danca
valvula,Peca
vampiro,Criatura
vao,Vazio
vapor,Gas
vara,Vara
varanda,area
varar,Atravessar
varejo,Venda
variar,Mudar
variola,Doenca
varonil,Masculino
vaso,Recipiente
vassalo,Sudito
vasto,Amplo
vazar,Vazar
veado,Animal
vedar,Impedir
vedeta,Artista
veemente,Intenso
vegetal,Planta
veia,Vaso
veiculo,Transporte
vela,Pano
velar,Vigiar
veleiro,Embarcacao
velhaco,Esperto
velho,Idoso
velo,Pelo
velocidade,Rapidez
veludo,Tecido
vencer,Vencer
venda,Loja
vendar,Cobrir
vendaval,Vento
vender,Comercializar
veneno,Substancia
venerar,Adorar
venha,Verbo
venta,Nariz
ventania,Vento
ventar,Soprar
ventre,Abdômen
ventura,Sorte
ver,Enxergar
vera,Verdade
verao,Estacao
verba,Recurso
verbo,Palavra
verdade,Realidade
verde,Cor
vereda,Caminho
vereda,Caminho
veredicto,Decisao
verga,Vara
verao,Estacao
vergonha,Vergonha
vermelho,Cor
verniz,Substancia
vero,Verdadeiro
versar,Discutir
verso,Poema
verter,Derramar
vertice,Topo
vesgo,Vesgo
vespa,Inseto
veste,Vestuario
vestigio,Sinal
vestir,Vestir
vetar,Proibir
veto,Proibicao
vetor,Direcao
vez,Ocasiao
via,Caminho
viagem,Jornada
viajar,Viajar
vial,Recipiente
viandante,Viajante
vibracao,Oscilacao
vice,Substituto
vidra,Parte
vidro,Material
viela,Rua
viga,Viga
vigia,Observador
vigiar,Observar
vigor,Forca
vigorar,Valer
vil,Baixo
vila,Aldeia
vilao,Personagem
vinco,Dobra
vincular,Ligar
vingar,Vingar
vinha,Plantacao
vinho,Bebida
vintem,Moeda
viola,Instrumento
violar,Violar
vir,Chegar
virar,Girar
virgem,Pura
viril,Masculino
virtual,Potencial
virtude,Qualidade
visao,Visao
visar,Mirar
visco,Substancia
visitar,Visitar
vislumbre,Visao
vista,Visao
vitela,Animal
vitoria,Sucesso
vitral,Janela
vivaz,Ativo
viveiro,Local
viver,Existir
vivo,Vivo
vizinho,Proximo
vocabulo,Palavra
vocal,Relacionado
vocacao,Chamado
vodca,Bebida
voga,Moda
vogal,Letra
volante,Peca
volatil,Instavel
volta,Retorno
voltar,Regressar
volume,Quantidade
voluntario,Espontaneo
volupia,Prazer
voraz,Devorador
vos,Pronome
vos,Pronome
votar,Escolher
voto,Promessa
voz,Som
vulcao,Geografia
vulto,Figura
vulva,orgao
xadrez,Jogo
xale,Vestuario
xarope,Medicamento
xaveco,Barco
xaxado,Danca
xelim,Moeda
xenônio,Elemento
xepa,Resto
xereta,Curioso
xerife,Policia
xerocar,Copiar
xicara,Recipiente
xilofone,Instrumento
xingar,Insultar
zaga,Defesa
zangado,Irado
zanzar,Vagar
zarpar,Partir
zas,Interjeicao
zebra,Animal
zelador,Cuidador
zelar,Cuidar
zelo,Cuidado
zepelim,Aeronave
zero,Numero
zinco,Elemento
zodiaco,Circulo
zombar,Cacoar
zona,area
zoologico,Local
zumbido,Som
zunir,Zumbir
